"Status","Start Time","Stop Time","Duration in ms","Parent Suite","Suite","Sub Suite","Test Class","Test Method","Name","Description"
"passed","Sun May 09 14:50:58 CST 2021","Sun May 09 14:50:58 CST 2021","0","","test_cal_new","TestCalc","","","test_div[bigint]",""
"passed","Sun May 09 14:50:58 CST 2021","Sun May 09 14:50:58 CST 2021","0","","test_cal_new","TestCalc","","","test_add[minus]",""
"passed","Sun May 09 14:50:58 CST 2021","Sun May 09 14:50:58 CST 2021","0","","test_cal_new","TestCalc","","","test_mul[int]",""
"passed","Sun May 09 14:50:58 CST 2021","Sun May 09 14:50:58 CST 2021","0","","test_cal_new","TestCalc","","","test_add[int]",""
"passed","Sun May 09 14:50:58 CST 2021","Sun May 09 14:50:58 CST 2021","0","","test_cal_new","TestCalc","","","test_div[int]",""
"passed","Sun May 09 14:50:58 CST 2021","Sun May 09 14:50:58 CST 2021","0","","test_cal_new","TestCalc","","","test_sub[bigint]",""
"passed","Sun May 09 14:50:58 CST 2021","Sun May 09 14:50:58 CST 2021","0","","test_cal_new","TestCalc","","","test_mul[bigint]",""
"passed","Sun May 09 14:50:58 CST 2021","Sun May 09 14:50:58 CST 2021","0","","test_cal_new","TestCalc","","","test_mul[minus]",""
"passed","Sun May 09 14:50:58 CST 2021","Sun May 09 14:50:58 CST 2021","0","","test_cal_new","TestCalc","","","test_add[bigint]",""
"passed","Sun May 09 14:50:58 CST 2021","Sun May 09 14:50:58 CST 2021","0","","test_cal_new","TestCalc","","","test_div[minus]",""
"passed","Sun May 09 14:50:58 CST 2021","Sun May 09 14:50:58 CST 2021","0","","test_cal_new","TestCalc","","","test_sub[int]",""
"passed","Sun May 09 14:50:58 CST 2021","Sun May 09 14:50:58 CST 2021","0","","test_cal_new","TestCalc","","","test_sub[minus]",""
